-- phpMyAdmin SQL Dump
-- version 5.2.1
-- https://www.phpmyadmin.net/
--
-- Host: 127.0.0.1
-- Generation Time: Jun 30, 2025 at 05:22 PM
-- Server version: 10.4.32-MariaDB
-- PHP Version: 8.2.12

SET SQL_MODE = "NO_AUTO_VALUE_ON_ZERO";
START TRANSACTION;
SET time_zone = "+00:00";


/*!40101 SET @OLD_CHARACTER_SET_CLIENT=@@CHARACTER_SET_CLIENT */;
/*!40101 SET @OLD_CHARACTER_SET_RESULTS=@@CHARACTER_SET_RESULTS */;
/*!40101 SET @OLD_COLLATION_CONNECTION=@@COLLATION_CONNECTION */;
/*!40101 SET NAMES utf8mb4 */;

--
-- Database: `fish_farming_db`
--

-- --------------------------------------------------------

--
-- Table structure for table `feeding_records`
--

CREATE TABLE `feeding_records` (
  `id` int(11) NOT NULL,
  `pond_id` int(11) NOT NULL,
  `feed_date` date NOT NULL,
  `feed_type` varchar(100) NOT NULL,
  `feed_amount_sacks` float NOT NULL
) ENGINE=InnoDB DEFAULT CHARSET=utf8mb4 COLLATE=utf8mb4_general_ci;

--
-- Dumping data for table `feeding_records`
--

INSERT INTO `feeding_records` (`id`, `pond_id`, `feed_date`, `feed_type`, `feed_amount_sacks`) VALUES
(22, 4, '2024-06-20', 'เบทาโกร 811', 1565),
(23, 4, '2024-07-19', 'เบทาโกร 812', 145),
(26, 5, '2024-01-04', 'เบทาโกร 811', 1),
(100, 5, '2024-01-01', 'เบทาโกร 811', 1),
(101, 5, '2024-01-02', 'เบทาโกร 811', 2),
(102, 5, '2024-01-03', 'เบทาโกร 811', 1),
(103, 5, '2024-01-06', 'เบทาโกร 811', 1),
(104, 5, '2024-01-08', 'เบทาโกร 811', 1),
(105, 5, '2024-01-09', 'เบทาโกร 811', 2),
(106, 5, '2024-01-10', 'เบทาโกร 811', 1),
(107, 5, '2024-01-13', 'เบทาโกร 811', 2),
(108, 5, '2024-01-14', 'เบทาโกร 811', 2),
(109, 5, '2024-01-15', 'เบทาโกร 811', 2),
(110, 5, '2024-01-16', 'เบทาโกร 811', 1),
(111, 5, '2024-01-17', 'เบทาโกร 811', 2),
(112, 5, '2024-01-18', 'เบทาโกร 811', 1),
(113, 5, '2024-01-19', 'เบทาโกร 811', 1),
(114, 5, '2024-02-01', 'เบทาโกร 811', 3),
(115, 5, '2024-02-02', 'เบทาโกร 811', 2),
(116, 5, '2024-02-03', 'เบทาโกร 811', 1),
(117, 5, '2024-02-06', 'เบทาโกร 811', 3),
(118, 5, '2024-02-07', 'เบทาโกร 811', 1),
(119, 5, '2024-02-08', 'เบทาโกร 811', 2),
(120, 5, '2024-02-09', 'เบทาโกร 811', 2),
(121, 5, '2024-02-10', 'เบทาโกร 811', 2),
(122, 5, '2024-02-12', 'เบทาโกร 811', 2),
(123, 5, '2024-02-13', 'เบทาโกร 811', 3),
(124, 5, '2024-02-14', 'เบทาโกร 811', 3),
(125, 5, '2024-02-15', 'เบทาโกร 811', 4),
(126, 5, '2024-02-16', 'เบทาโกร 811', 4),
(127, 5, '2024-02-18', 'เบทาโกร 811', 4),
(128, 5, '2024-02-20', 'เบทาโกร 811', 3),
(129, 5, '2024-02-21', 'เบทาโกร 811', 4),
(130, 5, '2024-02-22', 'เบทาโกร 811', 3),
(131, 5, '2024-02-23', 'เบทาโกร 811', 3),
(132, 5, '2024-02-25', 'เบทาโกร 811', 2),
(133, 5, '2024-02-27', 'เบทาโกร 811', 4),
(134, 5, '2024-02-29', 'เบทาโกร 811', 3),
(135, 5, '2024-03-01', 'เบทาโกร 811', 11),
(136, 5, '2024-03-02', 'เบทาโกร 811', 13),
(137, 5, '2024-03-03', 'เบทาโกร 811', 12),
(138, 5, '2024-03-04', 'เบทาโกร 811', 8),
(139, 5, '2024-03-05', 'เบทาโกร 811', 12),
(140, 5, '2024-03-06', 'เบทาโกร 811', 4),
(141, 5, '2024-03-07', 'เบทาโกร 811', 7),
(142, 5, '2024-03-08', 'เบทาโกร 811', 4),
(143, 5, '2024-03-09', 'เบทาโกร 811', 7),
(144, 5, '2024-03-10', 'เบทาโกร 811', 8),
(145, 5, '2024-03-11', 'เบทาโกร 811', 8),
(146, 5, '2024-03-12', 'เบทาโกร 811', 7),
(147, 5, '2024-03-13', 'เบทาโกร 811', 7),
(148, 5, '2024-03-14', 'เบทาโกร 811', 7),
(149, 5, '2024-03-15', 'เบทาโกร 811', 8),
(150, 5, '2024-03-16', 'เบทาโกร 811', 6),
(151, 5, '2024-03-17', 'เบทาโกร 811', 8),
(152, 5, '2024-03-18', 'เบทาโกร 811', 5),
(153, 5, '2024-03-19', 'เบทาโกร 811', 4),
(154, 5, '2024-03-20', 'เบทาโกร 811', 4),
(155, 5, '2024-03-21', 'เบทาโกร 811', 5),
(156, 5, '2024-03-22', 'เบทาโกร 811', 6),
(157, 5, '2024-03-23', 'เบทาโกร 811', 8),
(158, 5, '2024-03-24', 'เบทาโกร 811', 7),
(159, 5, '2024-03-25', 'เบทาโกร 811', 7),
(160, 5, '2024-03-26', 'เบทาโกร 811', 6),
(161, 5, '2024-03-27', 'เบทาโกร 811', 7),
(162, 5, '2024-03-28', 'เบทาโกร 811', 6),
(163, 5, '2024-03-29', 'เบทาโกร 811', 4),
(164, 5, '2024-03-30', 'เบทาโกร 811', 6),
(165, 5, '2024-03-31', 'เบทาโกร 811', 4),
(166, 5, '2024-04-01', 'เบทาโกร 811', 14),
(167, 5, '2024-04-02', 'เบทาโกร 811', 8),
(168, 5, '2024-04-03', 'เบทาโกร 811', 8),
(169, 5, '2024-04-04', 'เบทาโกร 811', 8),
(170, 5, '2024-04-05', 'เบทาโกร 811', 7),
(171, 5, '2024-04-06', 'เบทาโกร 811', 8),
(172, 5, '2024-04-07', 'เบทาโกร 811', 7),
(173, 5, '2024-04-08', 'เบทาโกร 811', 6),
(174, 5, '2024-04-09', 'เบทาโกร 811', 8),
(175, 5, '2024-04-10', 'เบทาโกร 811', 5),
(176, 5, '2024-04-11', 'เบทาโกร 811', 6),
(177, 5, '2024-04-12', 'เบทาโกร 811', 7),
(178, 5, '2024-04-13', 'เบทาโกร 811', 8),
(179, 5, '2024-04-14', 'เบทาโกร 811', 6),
(180, 5, '2024-04-15', 'เบทาโกร 811', 9),
(181, 5, '2024-04-16', 'เบทาโกร 811', 5),
(182, 5, '2024-04-17', 'เบทาโกร 811', 8),
(183, 5, '2024-04-18', 'เบทาโกร 811', 8),
(184, 5, '2024-04-19', 'เบทาโกร 811', 5),
(185, 5, '2024-04-20', 'เบทาโกร 811', 8),
(186, 5, '2024-04-21', 'เบทาโกร 811', 5),
(187, 5, '2024-04-22', 'เบทาโกร 811', 6),
(188, 5, '2024-04-23', 'เบทาโกร 811', 9),
(189, 5, '2024-04-24', 'เบทาโกร 811', 5),
(190, 5, '2024-04-25', 'เบทาโกร 811', 9),
(191, 5, '2024-04-26', 'เบทาโกร 811', 9),
(192, 5, '2024-04-27', 'เบทาโกร 811', 9),
(193, 5, '2024-04-28', 'เบทาโกร 811', 8),
(194, 5, '2024-04-29', 'เบทาโกร 811', 6),
(195, 5, '2024-04-30', 'เบทาโกร 811', 8),
(196, 5, '2024-05-01', 'เบทาโกร 811', 15),
(197, 5, '2024-05-02', 'เบทาโกร 811', 15),
(198, 5, '2024-05-03', 'เบทาโกร 811', 15),
(199, 5, '2024-05-04', 'เบทาโกร 811', 11),
(200, 5, '2024-05-05', 'เบทาโกร 811', 13),
(201, 5, '2024-05-06', 'เบทาโกร 811', 10),
(202, 5, '2024-05-07', 'เบทาโกร 811', 11),
(203, 5, '2024-05-08', 'เบทาโกร 811', 11),
(204, 5, '2024-05-09', 'เบทาโกร 811', 10),
(205, 5, '2024-05-10', 'เบทาโกร 811', 11),
(206, 5, '2024-05-11', 'เบทาโกร 811', 13),
(207, 5, '2024-05-12', 'เบทาโกร 811', 11),
(208, 5, '2024-05-13', 'เบทาโกร 811', 10),
(209, 5, '2024-05-14', 'เบทาโกร 811', 13),
(210, 5, '2024-05-15', 'เบทาโกร 811', 10),
(211, 5, '2024-05-16', 'เบทาโกร 811', 9),
(212, 5, '2024-05-17', 'เบทาโกร 811', 9),
(213, 5, '2024-05-18', 'เบทาโกร 811', 13),
(214, 5, '2024-05-19', 'เบทาโกร 811', 10),
(215, 5, '2024-05-20', 'เบทาโกร 811', 9),
(216, 5, '2024-05-21', 'เบทาโกร 811', 10),
(217, 5, '2024-05-22', 'เบทาโกร 811', 13),
(218, 5, '2024-05-23', 'เบทาโกร 811', 9),
(219, 5, '2024-05-24', 'เบทาโกร 811', 13),
(220, 5, '2024-05-25', 'เบทาโกร 811', 9),
(221, 5, '2024-05-26', 'เบทาโกร 811', 10),
(222, 5, '2024-05-27', 'เบทาโกร 811', 12),
(223, 5, '2024-05-28', 'เบทาโกร 811', 11),
(224, 5, '2024-05-29', 'เบทาโกร 811', 11),
(225, 5, '2024-05-30', 'เบทาโกร 811', 13),
(226, 5, '2024-05-31', 'เบทาโกร 811', 10),
(227, 5, '2024-06-01', 'เบทาโกร 811', 10),
(228, 5, '2024-06-02', 'เบทาโกร 811', 9),
(229, 5, '2024-06-03', 'เบทาโกร 811', 7),
(230, 5, '2024-06-04', 'เบทาโกร 811', 10),
(231, 5, '2024-06-05', 'เบทาโกร 811', 6),
(232, 5, '2024-06-06', 'เบทาโกร 811', 7),
(233, 5, '2024-06-07', 'เบทาโกร 811', 10),
(234, 5, '2024-06-08', 'เบทาโกร 811', 10),
(235, 5, '2024-06-09', 'เบทาโกร 811', 9),
(236, 5, '2024-06-10', 'เบทาโกร 811', 6),
(237, 5, '2024-06-11', 'เบทาโกร 811', 9),
(238, 5, '2024-06-12', 'เบทาโกร 811', 8),
(239, 5, '2024-06-13', 'เบทาโกร 811', 8),
(240, 5, '2024-06-14', 'เบทาโกร 811', 6),
(241, 5, '2024-06-15', 'เบทาโกร 811', 9),
(242, 5, '2024-06-16', 'เบทาโกร 811', 7),
(243, 5, '2024-06-17', 'เบทาโกร 811', 6),
(244, 5, '2024-06-18', 'เบทาโกร 811', 7),
(245, 5, '2024-06-19', 'เบทาโกร 811', 10),
(246, 5, '2024-06-20', 'เบทาโกร 811', 8),
(247, 5, '2024-06-21', 'เบทาโกร 811', 8),
(248, 5, '2024-06-22', 'เบทาโกร 811', 6),
(249, 5, '2024-06-23', 'เบทาโกร 811', 10),
(250, 5, '2024-06-24', 'เบทาโกร 811', 7),
(251, 5, '2024-06-25', 'เบทาโกร 811', 10),
(252, 5, '2024-06-26', 'เบทาโกร 811', 7),
(253, 5, '2024-06-27', 'เบทาโกร 811', 7),
(254, 5, '2024-06-28', 'เบทาโกร 811', 9),
(255, 5, '2024-06-29', 'เบทาโกร 811', 6),
(256, 5, '2024-06-30', 'เบทาโกร 811', 8),
(257, 5, '2024-07-01', 'เบทาโกร 811', 15),
(258, 5, '2024-07-02', 'เบทาโกร 811', 15),
(259, 5, '2024-07-03', 'เบทาโกร 811', 15),
(260, 5, '2024-07-04', 'เบทาโกร 811', 15),
(261, 5, '2024-07-05', 'เบทาโกร 811', 15),
(262, 5, '2024-07-06', 'เบทาโกร 811', 14),
(263, 5, '2024-07-07', 'เบทาโกร 811', 13),
(264, 5, '2024-07-08', 'เบทาโกร 811', 13),
(265, 5, '2024-07-09', 'เบทาโกร 811', 14),
(266, 5, '2024-07-10', 'เบทาโกร 811', 11),
(267, 5, '2024-07-11', 'เบทาโกร 811', 11),
(268, 5, '2024-07-12', 'เบทาโกร 811', 11),
(269, 5, '2024-07-13', 'เบทาโกร 811', 14),
(270, 5, '2024-07-14', 'เบทาโกร 811', 11),
(271, 5, '2024-07-15', 'เบทาโกร 811', 13),
(272, 5, '2024-07-16', 'เบทาโกร 811', 11),
(273, 5, '2024-07-17', 'เบทาโกร 811', 10),
(274, 5, '2024-07-18', 'เบทาโกร 811', 11),
(275, 5, '2024-07-19', 'เบทาโกร 811', 13),
(276, 5, '2024-07-20', 'เบทาโกร 811', 11),
(277, 5, '2024-07-21', 'เบทาโกร 811', 10),
(278, 5, '2024-07-22', 'เบทาโกร 811', 13),
(279, 5, '2024-07-23', 'เบทาโกร 811', 12),
(280, 5, '2024-07-24', 'เบทาโกร 811', 14),
(281, 5, '2024-07-25', 'เบทาโกร 811', 10),
(282, 5, '2024-07-26', 'เบทาโกร 811', 12),
(283, 5, '2024-07-27', 'เบทาโกร 811', 10),
(284, 5, '2024-07-28', 'เบทาโกร 811', 13),
(285, 5, '2024-07-29', 'เบทาโกร 811', 11),
(286, 5, '2024-07-30', 'เบทาโกร 811', 11),
(287, 5, '2024-07-31', 'เบทาโกร 811', 13),
(288, 5, '2024-08-01', 'เบทาโกร 811', 9),
(289, 5, '2024-08-02', 'เบทาโกร 811', 11),
(290, 5, '2024-08-03', 'เบทาโกร 811', 11),
(291, 5, '2024-08-04', 'เบทาโกร 811', 10),
(292, 5, '2024-08-05', 'เบทาโกร 811', 9),
(293, 5, '2024-08-06', 'เบทาโกร 811', 10),
(294, 5, '2024-08-07', 'เบทาโกร 811', 10),
(295, 5, '2024-08-08', 'เบทาโกร 811', 10),
(296, 5, '2024-08-09', 'เบทาโกร 811', 11),
(297, 5, '2024-08-10', 'เบทาโกร 811', 8),
(298, 5, '2024-08-11', 'เบทาโกร 811', 11),
(299, 5, '2024-08-12', 'เบทาโกร 811', 8),
(300, 5, '2024-08-13', 'เบทาโกร 811', 9),
(301, 5, '2024-08-14', 'เบทาโกร 811', 10),
(302, 5, '2024-08-15', 'เบทาโกร 811', 11),
(303, 5, '2024-08-16', 'เบทาโกร 811', 10),
(304, 5, '2024-08-17', 'เบทาโกร 811', 12),
(305, 5, '2024-08-18', 'เบทาโกร 811', 11),
(306, 5, '2024-08-19', 'เบทาโกร 811', 11),
(307, 5, '2024-08-20', 'เบทาโกร 811', 9),
(308, 5, '2024-08-21', 'เบทาโกร 811', 12),
(309, 5, '2024-08-22', 'เบทาโกร 811', 10),
(310, 5, '2024-08-23', 'เบทาโกร 811', 10),
(311, 5, '2024-08-24', 'เบทาโกร 811', 11),
(312, 5, '2024-08-25', 'เบทาโกร 811', 9),
(313, 5, '2024-08-26', 'เบทาโกร 811', 11),
(314, 5, '2024-08-27', 'เบทาโกร 811', 11),
(315, 5, '2024-08-28', 'เบทาโกร 811', 12),
(316, 5, '2024-08-29', 'เบทาโกร 811', 12),
(317, 5, '2024-08-30', 'เบทาโกร 811', 8),
(318, 5, '2024-08-31', 'เบทาโกร 811', 11),
(319, 5, '2024-09-01', 'เบทาโกร 811', 15),
(320, 5, '2024-09-02', 'เบทาโกร 811', 11),
(321, 5, '2024-09-03', 'เบทาโกร 811', 10),
(322, 5, '2024-09-04', 'เบทาโกร 811', 6),
(323, 5, '2024-09-05', 'เบทาโกร 811', 10),
(324, 5, '2024-09-06', 'เบทาโกร 811', 7),
(325, 5, '2024-09-07', 'เบทาโกร 811', 8),
(326, 5, '2024-09-08', 'เบทาโกร 811', 8),
(327, 5, '2024-09-09', 'เบทาโกร 811', 10),
(328, 5, '2024-09-10', 'เบทาโกร 811', 8),
(329, 5, '2024-09-11', 'เบทาโกร 811', 10),
(330, 5, '2024-09-12', 'เบทาโกร 811', 10),
(331, 5, '2024-09-13', 'เบทาโกร 811', 10),
(332, 5, '2024-09-14', 'เบทาโกร 811', 6),
(333, 5, '2024-09-15', 'เบทาโกร 811', 9),
(334, 5, '2024-09-16', 'เบทาโกร 811', 9),
(335, 5, '2024-09-17', 'เบทาโกร 811', 10),
(336, 5, '2024-09-18', 'เบทาโกร 811', 6),
(337, 5, '2024-09-19', 'เบทาโกร 811', 8),
(338, 5, '2024-09-20', 'เบทาโกร 811', 9),
(339, 5, '2024-09-21', 'เบทาโกร 811', 10),
(340, 5, '2024-09-22', 'เบทาโกร 811', 6),
(341, 5, '2024-09-23', 'เบทาโกร 811', 7),
(342, 5, '2024-09-24', 'เบทาโกร 811', 10),
(343, 5, '2024-09-25', 'เบทาโกร 811', 7),
(344, 5, '2024-09-26', 'เบทาโกร 811', 6),
(345, 5, '2024-09-27', 'เบทาโกร 811', 8),
(346, 5, '2024-09-28', 'เบทาโกร 811', 10),
(347, 5, '2024-09-29', 'เบทาโกร 811', 7),
(348, 5, '2024-09-30', 'เบทาโกร 811', 9),
(349, 5, '2024-10-01', 'เบทาโกร 811', 6),
(350, 5, '2024-10-02', 'เบทาโกร 811', 3),
(351, 5, '2024-10-03', 'เบทาโกร 811', 5),
(352, 5, '2024-10-04', 'เบทาโกร 811', 9),
(353, 5, '2024-10-05', 'เบทาโกร 811', 5),
(354, 5, '2024-10-06', 'เบทาโกร 811', 1),
(355, 5, '2024-10-07', 'เบทาโกร 811', 5),
(356, 5, '2024-10-08', 'เบทาโกร 811', 5),
(357, 5, '2024-10-09', 'เบทาโกร 811', 5),
(358, 5, '2024-10-10', 'เบทาโกร 811', 3),
(359, 5, '2024-10-11', 'เบทาโกร 811', 1),
(360, 5, '2024-10-12', 'เบทาโกร 811', 2),
(361, 5, '2024-10-13', 'เบทาโกร 811', 3),
(362, 5, '2024-10-14', 'เบทาโกร 811', 5),
(363, 5, '2024-10-15', 'เบทาโกร 811', 1),
(364, 5, '2024-10-16', 'เบทาโกร 811', 4),
(365, 5, '2024-10-17', 'เบทาโกร 811', 1),
(366, 5, '2024-10-18', 'เบทาโกร 811', 2),
(367, 5, '2024-10-19', 'เบทาโกร 811', 4),
(368, 5, '2024-10-20', 'เบทาโกร 811', 2),
(369, 5, '2024-10-21', 'เบทาโกร 811', 5),
(370, 5, '2024-10-22', 'เบทาโกร 811', 4),
(371, 5, '2024-10-23', 'เบทาโกร 811', 3),
(372, 5, '2024-10-24', 'เบทาโกร 811', 4),
(373, 5, '2024-10-25', 'เบทาโกร 811', 3),
(374, 5, '2024-10-26', 'เบทาโกร 811', 1),
(375, 5, '2024-10-27', 'เบทาโกร 811', 5),
(376, 5, '2024-10-28', 'เบทาโกร 811', 2),
(377, 5, '2024-10-29', 'เบทาโกร 811', 3),
(378, 5, '2024-10-30', 'เบทาโกร 811', 3),
(379, 5, '2024-10-31', 'เบทาโกร 811', 5),
(380, 5, '2024-11-01', 'เบทาโกร 811', 1),
(381, 5, '2024-11-02', 'เบทาโกร 811', 3),
(382, 5, '2024-11-03', 'เบทาโกร 811', 2),
(383, 5, '2024-11-06', 'เบทาโกร 811', 2),
(384, 5, '2024-11-07', 'เบทาโกร 811', 3),
(385, 5, '2024-11-08', 'เบทาโกร 811', 3),
(386, 5, '2024-11-09', 'เบทาโกร 811', 2),
(387, 5, '2024-11-10', 'เบทาโกร 811', 2),
(388, 5, '2024-11-11', 'เบทาโกร 811', 2),
(389, 5, '2024-11-13', 'เบทาโกร 811', 3),
(390, 5, '2024-11-17', 'เบทาโกร 811', 3),
(391, 5, '2024-11-19', 'เบทาโกร 811', 2),
(392, 5, '2024-11-20', 'เบทาโกร 811', 2),
(393, 5, '2024-11-21', 'เบทาโกร 811', 2),
(394, 5, '2024-11-22', 'เบทาโกร 811', 1),
(395, 5, '2024-11-23', 'เบทาโกร 811', 1),
(396, 5, '2024-11-27', 'เบทาโกร 811', 1),
(397, 5, '2024-11-28', 'เบทาโกร 811', 2),
(398, 5, '2024-11-29', 'เบทาโกร 811', 3),
(399, 1, '2024-07-26', 'เบทาโกร 811', 4732),
(400, 1, '2024-08-15', 'เบทาโกร 812', 50),
(401, 6, '2024-03-20', 'เบทาโกร 811', 905),
(402, 1, '2025-06-24', 'เบทาโกร 811', 35),
(403, 1, '2025-06-25', 'เบทาโกร 811', 36),
(404, 1, '2025-06-26', 'เบทาโกร 811', 41),
(405, 1, '2025-06-27', 'เบทาโกร 811', 33),
(406, 1, '2025-06-28', 'เบทาโกร 811', 34),
(407, 1, '2025-06-29', 'เบทาโกร 811', 37),
(408, 1, '2025-06-30', 'เบทาโกร 811', 36),
(409, 4, '2025-06-24', 'เบทาโกร 811', 16),
(411, 4, '2025-06-25', 'เบทาโกร 811', 15),
(412, 4, '2025-06-26', 'เบทาโกร 811', 13),
(413, 4, '2025-06-27', 'เบทาโกร 811', 18),
(414, 4, '2025-06-28', 'เบทาโกร 811', 14),
(415, 4, '2025-06-29', 'เบทาโกร 811', 12),
(416, 4, '2025-06-30', 'เบทาโกร 811', 15),
(417, 6, '2025-06-24', 'เบทาโกร 811', 7),
(418, 6, '2025-06-25', 'เบทาโกร 811', 9),
(419, 6, '2025-06-26', 'เบทาโกร 811', 7),
(420, 6, '2025-06-27', 'เบทาโกร 811', 9),
(421, 6, '2025-06-28', 'เบทาโกร 811', 11),
(422, 6, '2025-06-29', 'เบทาโกร 811', 10),
(423, 6, '2025-06-30', 'เบทาโกร 811', 8),
(424, 5, '2025-06-24', 'เบทาโกร 811', 14),
(425, 5, '2025-06-25', 'เบทาโกร 811', 13),
(426, 5, '2025-06-26', 'เบทาโกร 811', 17),
(427, 5, '2025-06-27', 'เบทาโกร 811', 17),
(428, 5, '2025-06-28', 'เบทาโกร 811', 16),
(429, 5, '2025-06-29', 'เบทาโกร 811', 19),
(430, 5, '2025-06-30', 'เบทาโกร 811', 19);

-- --------------------------------------------------------

--
-- Table structure for table `fish_releases`
--

CREATE TABLE `fish_releases` (
  `id` int(11) NOT NULL,
  `pond_id` int(11) NOT NULL,
  `release_date` date NOT NULL,
  `fish_amount` int(11) NOT NULL,
  `total_cost` decimal(10,2) DEFAULT 0.00,
  `created_at` timestamp NOT NULL DEFAULT current_timestamp()
) ENGINE=InnoDB DEFAULT CHARSET=utf8mb4 COLLATE=utf8mb4_general_ci;

--
-- Dumping data for table `fish_releases`
--

INSERT INTO `fish_releases` (`id`, `pond_id`, `release_date`, `fish_amount`, `total_cost`, `created_at`) VALUES
(1, 1, '2024-03-20', 330000, 33000.00, '2025-06-17 09:20:55'),
(2, 2, '2024-06-01', 150000, 21000.00, '2025-06-17 11:14:23'),
(4, 3, '2024-05-01', 10000, 3000.00, '2025-06-19 06:24:14'),
(5, 4, '2024-01-27', 190000, 19000.00, '2025-06-21 11:48:42'),
(6, 5, '2024-01-01', 150000, 16500.00, '2025-06-21 12:01:39'),
(7, 6, '2024-03-20', 120000, 12000.00, '2025-06-28 11:46:15');

-- --------------------------------------------------------

--
-- Table structure for table `fish_sizes`
--

CREATE TABLE `fish_sizes` (
  `id` int(11) NOT NULL,
  `pond_id` int(11) NOT NULL,
  `record_date` date NOT NULL,
  `fish_count` float NOT NULL
) ENGINE=InnoDB DEFAULT CHARSET=utf8mb4 COLLATE=utf8mb4_general_ci;

--
-- Dumping data for table `fish_sizes`
--

INSERT INTO `fish_sizes` (`id`, `pond_id`, `record_date`, `fish_count`) VALUES
(23, 4, '2024-03-20', 49.5),
(24, 4, '2024-04-18', 26.2),
(25, 4, '2024-05-21', 13.2),
(26, 4, '2024-06-19', 10.2),
(27, 4, '2024-07-19', 7.9),
(28, 4, '2024-08-19', 6.4),
(29, 4, '2024-09-19', 5.5),
(30, 4, '2024-10-19', 4.8),
(31, 4, '2024-11-19', 4.3),
(32, 5, '2024-03-20', 22.6),
(33, 5, '2024-04-18', 18.9),
(34, 5, '2024-05-21', 11.9),
(35, 5, '2024-06-19', 10.2),
(36, 5, '2024-07-19', 7.7),
(37, 5, '2024-08-19', 6.3),
(38, 5, '2024-09-19', 5.4),
(39, 5, '2024-10-19', 4.8),
(40, 5, '2024-11-19', 4.3),
(41, 1, '2024-03-20', 41),
(42, 1, '2024-04-18', 26.4),
(43, 1, '2024-05-21', 12.7),
(44, 1, '2024-06-19', 8.3),
(45, 1, '2024-07-19', 6.5),
(46, 1, '2024-08-19', 5.6),
(47, 1, '2024-09-19', 4.9),
(48, 1, '2024-10-08', 4.3),
(49, 3, '2024-06-29', 67);

-- --------------------------------------------------------

--
-- Table structure for table `ponds`
--

CREATE TABLE `ponds` (
  `id` int(11) NOT NULL,
  `name` varchar(100) NOT NULL,
  `size_rai` float NOT NULL
) ENGINE=InnoDB DEFAULT CHARSET=utf8mb4 COLLATE=utf8mb4_general_ci;

--
-- Dumping data for table `ponds`
--

INSERT INTO `ponds` (`id`, `name`, `size_rai`) VALUES
(1, 'บ่ออนามัย', 18),
(2, 'บ่อพรี่บูม', 100),
(3, 'ฺBor_Christina', 57),
(4, 'บ่อกิติ', 8),
(5, 'sanook', 7),
(6, 'บ่อเอ็ม', 5);

-- --------------------------------------------------------

--
-- Table structure for table `users`
--

CREATE TABLE `users` (
  `id` int(11) NOT NULL,
  `username` varchar(50) NOT NULL,
  `password` varchar(255) NOT NULL,
  `role` enum('admin','owner') NOT NULL
) ENGINE=InnoDB DEFAULT CHARSET=utf8mb4 COLLATE=utf8mb4_general_ci;

--
-- Dumping data for table `users`
--

INSERT INTO `users` (`id`, `username`, `password`, `role`) VALUES
(3, 'kitipong', '$2y$10$hGn0nLr/V/hBJroXCcpJlONCYP7dSJlS3Hpc5PJIG2q10TDDj/Kwe', 'owner'),
(4, 'admin', '$2y$10$OWKGKP1bf4Ah6qr9ZvGfs.1M4jIgYgjLAYoEk/5sVNU0qez9ZN0BW', 'admin'),
(5, 'bambam', '$2y$10$/pmZ1GpCAYpmx0zwccutIufdK.7xoN/kpFRijCaeaziiYF0C6zrb2', 'owner');

-- --------------------------------------------------------

--
-- Table structure for table `user_ponds`
--

CREATE TABLE `user_ponds` (
  `id` int(11) NOT NULL,
  `user_id` int(11) DEFAULT NULL,
  `pond_id` int(11) DEFAULT NULL
) ENGINE=InnoDB DEFAULT CHARSET=utf8mb4 COLLATE=utf8mb4_general_ci;

--
-- Dumping data for table `user_ponds`
--

INSERT INTO `user_ponds` (`id`, `user_id`, `pond_id`) VALUES
(2, 3, 1),
(3, 5, 3);

-- --------------------------------------------------------

--
-- Table structure for table `water_quality`
--

CREATE TABLE `water_quality` (
  `id` int(11) NOT NULL,
  `pond_id` int(11) NOT NULL,
  `check_date` date NOT NULL,
  `ph` float NOT NULL,
  `ammonium` float NOT NULL,
  `nitrite` float NOT NULL
) ENGINE=InnoDB DEFAULT CHARSET=utf8mb4 COLLATE=utf8mb4_general_ci;

--
-- Dumping data for table `water_quality`
--

INSERT INTO `water_quality` (`id`, `pond_id`, `check_date`, `ph`, `ammonium`, `nitrite`) VALUES
(1, 1, '2025-06-16', 7.5, 0.25, 0.1),
(2, 1, '2025-06-17', 9, 1, 5),
(3, 2, '2025-06-18', 7.5, 0, 0),
(4, 3, '2025-06-18', 13, 3, 1),
(5, 1, '2025-06-19', 8, 1.5, 1),
(6, 1, '2025-06-18', 7, 0.5, 0.25),
(7, 5, '2025-02-15', 7.8, 0.1, 0.05),
(8, 5, '2025-03-01', 7.9, 0.12, 0.06),
(9, 5, '2025-03-15', 7.7, 0.15, 0.08),
(10, 5, '2025-04-01', 8, 0.2, 0.1),
(11, 5, '2025-04-15', 8.1, 0.22, 0.11),
(12, 5, '2025-05-01', 7.9, 0.25, 0.12),
(13, 5, '2025-05-15', 7.8, 0.2, 0.1),
(14, 4, '2025-02-20', 7.9, 0.15, 0.07),
(15, 4, '2025-03-05', 8.2, 0.25, 0.11),
(16, 4, '2025-03-12', 8.8, 0.4, 0.15),
(17, 4, '2025-03-18', 9.1, 0.7, 0.25),
(18, 4, '2025-03-25', 8.2, 0.3, 0.1),
(19, 4, '2025-04-10', 7.8, 0.22, 0.09),
(20, 4, '2025-04-25', 7.9, 0.25, 0.11),
(21, 4, '2025-05-10', 8, 0.28, 0.13);

--
-- Indexes for dumped tables
--

--
-- Indexes for table `feeding_records`
--
ALTER TABLE `feeding_records`
  ADD PRIMARY KEY (`id`),
  ADD KEY `pond_id` (`pond_id`);

--
-- Indexes for table `fish_releases`
--
ALTER TABLE `fish_releases`
  ADD PRIMARY KEY (`id`),
  ADD KEY `pond_id` (`pond_id`);

--
-- Indexes for table `fish_sizes`
--
ALTER TABLE `fish_sizes`
  ADD PRIMARY KEY (`id`),
  ADD KEY `pond_id` (`pond_id`);

--
-- Indexes for table `ponds`
--
ALTER TABLE `ponds`
  ADD PRIMARY KEY (`id`);

--
-- Indexes for table `users`
--
ALTER TABLE `users`
  ADD PRIMARY KEY (`id`),
  ADD UNIQUE KEY `username` (`username`);

--
-- Indexes for table `user_ponds`
--
ALTER TABLE `user_ponds`
  ADD PRIMARY KEY (`id`),
  ADD KEY `user_id` (`user_id`),
  ADD KEY `pond_id` (`pond_id`);

--
-- Indexes for table `water_quality`
--
ALTER TABLE `water_quality`
  ADD PRIMARY KEY (`id`),
  ADD KEY `pond_id` (`pond_id`);

--
-- AUTO_INCREMENT for dumped tables
--

--
-- AUTO_INCREMENT for table `feeding_records`
--
ALTER TABLE `feeding_records`
  MODIFY `id` int(11) NOT NULL AUTO_INCREMENT, AUTO_INCREMENT=431;

--
-- AUTO_INCREMENT for table `fish_releases`
--
ALTER TABLE `fish_releases`
  MODIFY `id` int(11) NOT NULL AUTO_INCREMENT, AUTO_INCREMENT=8;

--
-- AUTO_INCREMENT for table `fish_sizes`
--
ALTER TABLE `fish_sizes`
  MODIFY `id` int(11) NOT NULL AUTO_INCREMENT, AUTO_INCREMENT=51;

--
-- AUTO_INCREMENT for table `ponds`
--
ALTER TABLE `ponds`
  MODIFY `id` int(11) NOT NULL AUTO_INCREMENT, AUTO_INCREMENT=7;

--
-- AUTO_INCREMENT for table `users`
--
ALTER TABLE `users`
  MODIFY `id` int(11) NOT NULL AUTO_INCREMENT, AUTO_INCREMENT=6;

--
-- AUTO_INCREMENT for table `user_ponds`
--
ALTER TABLE `user_ponds`
  MODIFY `id` int(11) NOT NULL AUTO_INCREMENT, AUTO_INCREMENT=4;

--
-- AUTO_INCREMENT for table `water_quality`
--
ALTER TABLE `water_quality`
  MODIFY `id` int(11) NOT NULL AUTO_INCREMENT, AUTO_INCREMENT=22;

--
-- Constraints for dumped tables
--

--
-- Constraints for table `feeding_records`
--
ALTER TABLE `feeding_records`
  ADD CONSTRAINT `feeding_records_ibfk_1` FOREIGN KEY (`pond_id`) REFERENCES `ponds` (`id`) ON DELETE CASCADE;

--
-- Constraints for table `fish_releases`
--
ALTER TABLE `fish_releases`
  ADD CONSTRAINT `fish_releases_ibfk_1` FOREIGN KEY (`pond_id`) REFERENCES `ponds` (`id`) ON DELETE CASCADE;

--
-- Constraints for table `fish_sizes`
--
ALTER TABLE `fish_sizes`
  ADD CONSTRAINT `fish_sizes_ibfk_1` FOREIGN KEY (`pond_id`) REFERENCES `ponds` (`id`) ON DELETE CASCADE;

--
-- Constraints for table `user_ponds`
--
ALTER TABLE `user_ponds`
  ADD CONSTRAINT `user_ponds_ibfk_1` FOREIGN KEY (`user_id`) REFERENCES `users` (`id`) ON DELETE CASCADE,
  ADD CONSTRAINT `user_ponds_ibfk_2` FOREIGN KEY (`pond_id`) REFERENCES `ponds` (`id`) ON DELETE CASCADE;

--
-- Constraints for table `water_quality`
--
ALTER TABLE `water_quality`
  ADD CONSTRAINT `water_quality_ibfk_1` FOREIGN KEY (`pond_id`) REFERENCES `ponds` (`id`) ON DELETE CASCADE;
COMMIT;

/*!40101 SET CHARACTER_SET_CLIENT=@OLD_CHARACTER_SET_CLIENT */;
/*!40101 SET CHARACTER_SET_RESULTS=@OLD_CHARACTER_SET_RESULTS */;
/*!40101 SET COLLATION_CONNECTION=@OLD_COLLATION_CONNECTION */;
